{
  "phase1": {
    "train_G_T": [
      0.0049775804703434305,
      0.004665931034833193,
      0.004298983669529358,
      0.0040752047517647345,
      0.003911310465385517,
      0.0038738908090939126,
      0.003660716349259019,
      0.003727818870296081,
      0.0037361809052526953,
      0.0036563558814426264,
      0.003584415589769681,
      0.003493511288737257,
      0.0033335611534615357,
      0.003276784857735038,
      0.0032316623876492184,
      0.0033754750931014616,
      0.0034372196222345035,
      0.0033807493280619385,
      0.0034033384018888075,
      0.0032680649776011704,
      0.0031730030663311482
    ],
    "train_G_V": [
      0.0050599276786670085,
      0.004801816338052352,
      0.00450220606289804,
      0.004218344809487462,
      0.00398189335440596,
      0.004011155855065832,
      0.003737471764907241,
      0.004076539538800716,
      0.003977099146383504,
      0.003823906804124514,
      0.003874066130568584,
      0.0036622822595139344,
      0.0034450383546451727,
      0.0032396745208340388,
      0.0032127470709383487,
      0.003489869285840541,
      0.003626987035386264,
      0.0035548234280819695,
      0.0037648331606760623,
      0.0035836997791193425,
      0.0034159714666505653
    ],
    "train_G_p": [
      0.0049963295459747314,
      0.004120095012088616,
      0.0032834345785280068,
      0.0027813503984361887,
      0.002320983714889735,
      0.002190577134024352,
      0.0017395898854980867,
      0.0022463157074525952,
      0.0022051208730166157,
      0.002073971884480367,
      0.0018936762469820678,
      0.0016716785728931427,
      0.0012934132634351652,
      0.0011652862769551576,
      0.0011194543777188906,
      0.0016727224884865186,
      0.0016537928604520857,
      0.0017829619348049164,
      0.0018914471690853437,
      0.0016503885291361561,
      0.0015135103681435187
    ],
    "train_G_Vs": [
      0.004705459997057915,
      0.004700412321835756,
      0.004700229410082102,
      0.004701721606155237,
      0.004699562334765991,
      0.00470098943139116,
      0.004695208867390951,
      0.004699509777128697,
      0.004695649227748315,
      0.0046930723823606964,
      0.004692893320073684,
      0.004692653628687064,
      0.004688214045017958,
      0.004689029790461064,
      0.004690496965001027,
      0.004692329528431098,
      0.004695681078980367,
      0.0046921763258675735,
      0.004693318965534369,
      0.004690970387309789,
      0.0046920729180177055
    ],
    "train_G_ps": [
      0.004724973533302546,
      0.004722450083742539,
      0.004718671583880981,
      0.004718232341110707,
      0.004712658779074748,
      0.004710045922547579,
      0.00470063192769885,
      0.00470408151547114,
      0.004702637220422427,
      0.00469784972568353,
      0.004698945923397938,
      0.004697914545734723,
      0.004691559324661891,
      0.004691250467052062,
      0.004691643671443065,
      0.004695473052561283,
      0.004697034073372682,
      0.004694180625180403,
      0.004694593604654074,
      0.004692120539645354,
      0.0046907810183862845
    ],
    "train_G_W": [
      0.004916176913926999,
      0.004874454904347658,
      0.004821489751338959,
      0.004752999637275934,
      0.004664429277181625,
      0.0046304178113738695,
      0.004548709125568469,
      0.0044669707616170245,
      0.004399720920870701,
      0.0043516403374572596,
      0.0043200306283930935,
      0.0042823336087167265,
      0.004249581601470709,
      0.004238719182709853,
      0.004232391404608886,
      0.004228559353699287,
      0.0041879038016001385,
      0.004073605375985305,
      0.004012506206830343,
      0.003983533987775445,
      0.003918973325441281
    ],
    "val_G_T": [
      0.003896325205763181,
      0.004274500301107764,
      0.003889916930347681,
      0.005042852601036429,
      0.006216165376827121,
      0.005654946900904179,
      0.00685288089637955,
      0.006259021659692128,
      0.005250944445530574,
      0.006144363433122635,
      0.006105571985244751,
      0.006014120144148667,
      0.0062775105858842535,
      0.006364219356328249,
      0.006397099544604619,
      0.006889022576312224,
      0.006992228639622529,
      0.005525863729417324,
      0.005673776846379042,
      0.004908392516275247,
      0.004321490880101919
    ],
    "val_G_V": [
      0.0009269579944278424,
      0.0010087672174753,
      0.0011055432357049237,
      0.0018390816015501816,
      0.0033470081010212502,
      0.0029255857225507498,
      0.00474007831265529,
      0.0029712828497091928,
      0.0026075000253816447,
      0.0033596017553160587,
      0.003448372861991326,
      0.002973691172276934,
      0.002968945230046908,
      0.003094924691443642,
      0.0031069613372286162,
      0.0033876142697408795,
      0.0044270615714291734,
      0.0029639146911601224,
      0.002235816946874062,
      0.002141454645122091,
      0.001373856047090764
    ],
    "val_G_p": [
      0.0022230091199162416,
      0.0030837755960722766,
      0.002443091943860054,
      0.00428212135254095,
      0.0077924371386567754,
      0.006762529024854302,
      0.010499650767693916,
      0.006670358357951045,
      0.006054500894000133,
      0.007545416398594777,
      0.007727093218515317,
      0.007347327812264363,
      0.008020328590646386,
      0.008186052398135265,
      0.008276839818184575,
      0.008587578466782967,
      0.008689832873642445,
      0.004129402106627822,
      0.0041662246609727544,
      0.0035850316441307464,
      0.0018441379846384127
    ],
    "val_G_Vs": [
      0.006511803871641557,
      0.006512252148240805,
      0.006511445002009471,
      0.0065114952934285,
      0.006511875117818515,
      0.006513647424678008,
      0.006515807937830687,
      0.006516259163618088,
      0.006515791639685631,
      0.0065174658472339315,
      0.006517879044016202,
      0.006517842411994934,
      0.006518260886271794,
      0.0065183428426583605,
      0.006518340514351924,
      0.006521066650748253,
      0.006522200691203277,
      0.006519940371314685,
      0.006522020945946376,
      0.006522433677067359,
      0.006520608440041542
    ],
    "val_G_ps": [
      0.005740730712811152,
      0.00574031596382459,
      0.005739269467691581,
      0.00574284124498566,
      0.005754172491530578,
      0.005759500587979953,
      0.005768171822031339,
      0.005764306522905827,
      0.0057570296339690685,
      0.005764932371675968,
      0.005767161337037881,
      0.005768954132994016,
      0.0057720281183719635,
      0.005772690599163373,
      0.005773412684599559,
      0.005784589797258377,
      0.005791255117704471,
      0.005769250448793173,
      0.005765906690309445,
      0.005763000187774499,
      0.005756589118391275
    ],
    "val_G_W": [
      0.0059915827587246895,
      0.006053058120111625,
      0.006065898885329564,
      0.006119863906254371,
      0.006051019144554933,
      0.005937906447798014,
      0.005861630973716577,
      0.0059717016605039435,
      0.006078426415721576,
      0.006005619652569294,
      0.00608251616358757,
      0.006157280101130406,
      0.0061929491348564625,
      0.006204437309255202,
      0.006204784692575534,
      0.006423332418004672,
      0.006497745091716449,
      0.006808701592187087,
      0.006687309127300978,
      0.00630212885638078,
      0.0062088741300006705
    ],