{
  "train_total": [
    7.91073481241862,
    1.7639916241168976,
    1.413987676302592,
    1.1736814975738525,
    1.0229264944791794,
    0.9337789664665858,
    0.8609607021013895,
    0.8254969914754232,
    0.786688228448232,
    0.7626084138949712,
    0.7450522681077322,
    0.7317666560411453,
    0.7115330199400584,
    0.7068363626797994,
    0.6950629701217016,
    0.705001711845398,
    0.694953386982282,
    0.6896885881821314,
    0.6947623391946157,
    0.6909947643677393,
    0.6881062388420105,
    0.6708137591679891,
    0.6556421567996343
  ],
  "train_temporal": [
    5.9449367225170135,
    0.06545521939794223,
    0.026743471312026184,
    0.025979881019641955,
    0.02297622539723913,
    0.018298409646376967,
    0.01742969810341795,
    0.01700539809341232,
    0.015491309498126308,
    0.014636912460749349,
    0.016369794417793553,
    0.0162978262330095,
    0.01609214077082773,
    0.015509350690990686,
    0.014532825443893671,
    0.014121931356688341,
    0.014072480456282696,
    0.01462971318202714,
    0.014309884359439215,
    0.014410409998769561,
    0.01548450238381823,
    0.016886470994601648,
    0.015708456048741937
  ],
  "train_algebraic": [
    0.9828990002473196,
    0.8492682129144669,
    0.6936220973730087,
    0.5738508055607477,
    0.49997513244549435,
    0.45774028201897937,
    0.4217655013004939,
    0.4042457938194275,
    0.38559846331675846,
    0.37398575246334076,
    0.36434123665094376,
    0.35773441443840664,
    0.3477204417188962,
    0.34566350529591244,
    0.34026507288217545,
    0.3454398885369301,
    0.34044044961531955,
    0.3375294382373492,
    0.3402262255549431,
    0.3382921765247981,
    0.33631086597839993,
    0.3269636482000351,
    0.3199668452143669
  ],
  "val_total": [
    6.6196854909261065,
    4.725448449452718,
    4.586687326431274,
    4.62636931737264,
    4.636183420817058,
    4.686765670776367,
    4.753210544586182,
    4.7663343747456866,
    4.761606693267822,
    4.751299699147542,
    4.749428113301595,
    4.796838601430257,
    4.818331082661946,
    4.8348768552144366,
    4.849729855855306,
    4.862630208333333,
    4.862517833709717,
    4.863961219787598,
    4.86752462387085,
    4.868971188863118,
    4.950011730194092,
    4.990916570027669,
    5.042532285054524
  ],
  "val_temporal": [
    2.885172208150228,
    1.0333827137947083,
    0.921000470717748,
    0.9500038127104441,
    0.9453648726145426,
    0.9719247420628866,
    1.0145463546117146,
    0.9855465690294901,
    0.978670080502828,
    0.9542556007703146,
    0.9353065093358358,
    0.9743564128875732,
    0.9915803074836731,
    1.0045440793037415,
    1.0125097433725994,
    1.0202557643254597,
    1.0168178876241047,
    1.0172876516977947,
    1.020538330078125,
    1.0219379862149556,
    1.083015243212382,
    1.12275634209315,
    1.171995759010315
  ],
  "val_algebraic": [
    1.8672566811243694,
    1.8460327784220378,
    1.8328434228897095,
    1.838182767232259,
    1.845409353574117,
    1.8574204444885254,
    1.8693321148554485,
    1.890393853187561,
    1.8914682865142822,
    1.8985220591227214,
    1.9070609013239543,
    1.911241094271342,
    1.913375457127889,
    1.9151663780212402,
    1.9186100959777832,
    1.9211872816085815,
    1.9228499333063762,
    1.9233367443084717,
    1.9234931071599324,
    1.9235165516535442,
    1.9334982633590698,
    1.9340801239013672,
    1.9352682828903198
  ],
  "lr": [
    0.0009938441702975688,
    0.0009755282581475768,
    0.0009455032620941839,
    0.0009045084971874737,
    0.0008535533905932737,
    0.0007938926261462366,
    0.0007269952498697733,
    0.0006545084971874737,
    0.0005782172325201155,
    0.0005,
    0.0004217827674798847,
    0.00034549150281252633,
    0.00027300475013022663,
    0.00020610737385376348,
    0.00014644660940672628,
    9.549150281252633e-05,
    5.449673790581611e-05,
    2.4471741852423235e-05,
    6.15582970243117e-06,
    0.001,
    0.000998458666866564,
    0.0009938441702975688,
    0.0009861849601988384
  ]
}