{
  "temperature": {
    "train_total": [
      0.03125754291457789,
      0.02767558422471796,
      0.025000725207584246,
      0.023354508115776947,
      0.02221372803407056,
      0.02172565194112914,
      0.02125991734543017,
      0.020326705782541206,
      0.019255380811435834,
      0.01880838322852339,
      0.017894839269242117,
      0.01755048061854073,
      0.017196255270391703,
      0.01663194297413741,
      0.01653967538316335,
      0.01617982823933874,
      0.016091302702469484,
      0.015735021326690912,
      0.015426983192030872,
      0.01576656169657196,
      0.016811019807521786
    ],
    "train_data": [
      0.03125754291457789,
      0.02767558422471796,
      0.025000725207584246,
      0.023354508115776947,
      0.02221372803407056,
      0.02172565194112914,
      0.02125991734543017,
      0.020326705782541206,
      0.019255380811435834,
      0.01880838322852339,
      0.017894839269242117,
      0.01755048061854073,
      0.017196255270391703,
      0.01663194297413741,
      0.01653967538316335,
      0.01617982823933874,
      0.016091302702469484,
      0.015735021326690912,
      0.015426983192030872,
      0.01576656169657196,
      0.016811019807521786
    ],
    "train_derivative": [
      0.0,
      0.0,
      0.0,
      0.0,
      0.0,
      0.0,
      0.0,
      0.0,
      0.0,
      0.0,
      0.0,
      0.0,
      0.0,
      0.0,
      0.0,
      0.0,
      0.0,
      0.0,
      0.0,
      0.0,
      0.0
    ],
    "val_total": [
      0.025530589744448662,
      0.031939935560027756,
      0.036493796234329544,
      0.04755022128423055,
      0.03976769931614399,
      0.0444493101288875,
      0.05236842483282089,
      0.053754797826210655,
      0.05779115855693817,
      0.05507009103894234,
      0.05782583852608999,
      0.05778627718488375,
      0.06080753356218338,
      0.06043174614508947,
      0.0622042752802372,
      0.06167312463124593,
      0.06706084311008453,
      0.06596091638008754,
      0.06495767955978711,
      0.06503724430998166,
      0.0469922615836064
    ],
    "val_data": [
      0.025530589744448662,
      0.031939935560027756,
      0.036493796234329544,
      0.04755022128423055,
      0.03976769931614399,
      0.0444493101288875,
      0.05236842483282089,
      0.053754797826210655,
      0.05779115855693817,
      0.05507009103894234,
      0.05782583852608999,
      0.05778627718488375,
      0.06080753356218338,
      0.06043174614508947,
      0.0622042752802372,
      0.06167312463124593,
      0.06706084311008453,
      0.06596091638008754,
      0.06495767955978711,
      0.06503724430998166,
      0.0469922615836064
    ],
    "val_derivative": [
      0.0,
      0.0,
      0.0,
      0.0,
      0.0,
      0.0,
      0.0,
      0.0,
      0.0,
      0.0,
      0.0,
      0.0,
      0.0,
      0.0,
      0.0,
      0.0,
      0.0,
      0.0,
      0.0,
      0.0,
      0.0
    ],
    "lr": [
      0.0009938441702975688,
      0.0009755282581475768,
      0.0009455032620941839,
      0.0009045084971874737,
      0.0008535533905932737,
      0.0007938926261462366,
      0.0007269952498697733,
      0.0006545084971874737,
      0.0005782172325201155,
      0.0005,
      0.0004217827674798847,
      0.00034549150281252633,
      0.00027300475013022663,
      0.00020610737385376348,
      0.00014644660940672628,
      9.549150281252633e-05,
      5.449673790581611e-05,
      2.4471741852423235e-05,
      6.15582970243117e-06,
      0.001,
      0.000998458666866564
    ]
  },
  "flow": {
    "train_total": [
      0.016331554922674383,
      0.015242193027266435,
      0.014464200873460089,
      0.014322084075372134,
      0.01390800518648965,
      0.01343903477702822,
      0.012286268241171325,
      0.011299788552735533,
      0.011399984559310334,
      0.011176340947193759,
      0.010518520837649703,
      0.009978759036000286,
      0.009438148134254984,
      0.0089112462675465,
      0.009005748367469226,
      0.008721738455018826,
      0.008594578331602471,
      0.008549971539261085,
      0.00824579460147236,
      0.008351929153182678,
      0.010830396985901254
    ],
    "train_data": [
      0.01584626973739692,
      0.014767249979610955,
      0.014006600515650851,
      0.013870064801137363,
      0.013465701070215021,
      0.013006466108241252,
      0.011871075723320246,
      0.010904661379754543,
      0.010992523415812425,
      0.010785242875239678,
      0.010135582914309842,
      0.009611798782965966,
      0.009072809047730905,
      0.008553767842905862,
      0.008640295493283443,
      0.008364202620993768,
      0.008239088846104485,
      0.00819103732439024,
      0.007893259271181055,
      0.007993014928485666,
      0.010436956837241138
    ],
    "train_derivative": [
      0.004852853416066084,
      0.004749431324723575,
      0.004576003112431083,
      0.004520193939762456,
      0.004423041129484773,
      0.004325686787654247,
      0.004151924912418638,
      0.003951271979271301,
      0.004074611684440502,
      0.0039109812350943685,
      0.003829377670107143,
      0.003669603528188808,
      0.0036533893352108343,
      0.0035747847286984324,
      0.0036545296399188893,
      0.00357535872275808,
      0.003554895520210266,
      0.003589341483478035,
      0.003525353585635977,
      0.0035891419808779445,
      0.003934401736062553
    ],
    "val_total": [
      0.009738121802608172,
      0.010455083567649126,
      0.01130195970957478,
      0.011999720707535744,
      0.011233309904734293,
      0.013657492585480213,
      0.01651219092309475,
      0.01675678634395202,
      0.011411475017666817,
      0.017632355603079002,
      0.015741558590282995,
      0.016828006133437157,
      0.015036625787615776,
      0.01457776470730702,
      0.01695130517085393,
      0.01814750333627065,
      0.01602966384962201,
      0.01652695145457983,
      0.016818747700502474,
      0.016917922999709845,
      0.01626767652730147
    ],
    "val_data": [
      0.0093570693085591,
      0.010063255671411753,
      0.010902329192807278,
      0.011588104690114657,
      0.010829555646826824,
      0.013227553727726141,
      0.016035614845653374,
      0.016279418021440506,
      0.011009104705105225,
      0.017150128570695717,
      0.015274189412593842,
      0.01635776615391175,
      0.01458257312575976,
      0.014129850082099438,
      0.016471502215911944,
      0.017648521189888317,
      0.015562680394699177,
      0.016054274514317513,
      0.0163418292067945,
      0.016439421102404594,
      0.01579154251764218
    ],
    "val_derivative": [
      0.0038105239315579333,
      0.003918278419102232,
      0.003996306176607807,
      0.004116161183143656,
      0.004037543277566631,
      0.004299389353642861,
      0.004765759222209454,
      0.004773683147504926,
      0.004023698546613256,
      0.004822273505851626,
      0.004673692863434553,
      0.00470240352054437,
      0.0045405246783047915,
      0.004479147493839264,
      0.004798034206032753,
      0.0049898261204361916,
      0.004669835092499852,
      0.004726774292066693,
      0.00476918548035125,
      0.004785018585001429,
      0.0047613416487971945
    ],
    "lr": [
      0.0009938441702975688,
      0.0009755282581475768,
      0.0009455032620941839,
      0.0009045084971874737,
      0.0008535533905932737,
      0.0007938926261462366,
      0.0007269952498697733,
      0.0006545084971874737,
      0.0005782172325201155,
      0.0005,
      0.0004217827674798847,
      0.00034549150281252633,
      0.00027300475013022663,
      0.00020610737385376348,
      0.00014644660940672628,
      9.549150281252633e-05,
      5.449673790581611e-05,
      2.4471741852423235e-05,
      6.15582970243117e-06,
      0.001,
      0.000998458666866564
    ]
  },