{
  "train_total": [
    5.085199515024821,
    2.0986499786376953,
    1.9910872280597687,
    1.9510072271029155,
    1.9249506493409474,
    1.911996175845464,
    1.9017596741517384,
    1.8921970029671986,
    1.8856691420078278,
    1.8805535038312275,
    1.868241588274638,
    1.8693101902802784,
    1.868022362391154,
    1.8670138518015544,
    1.8601663410663605,
    1.861292044321696,
    1.860556185245514,
    1.8561959664026897,
    1.8492994109789531,
    1.857501596212387,
    1.8546740114688873
  ],
  "train_temporal": [
    2.798358093947172,
    0.03540874559742709,
    0.013590607093647122,
    0.01137524920826157,
    0.011213930556550622,
    0.011497325031086802,
    0.012620991794392467,
    0.011684341821819544,
    0.011550920084118843,
    0.012584232492372394,
    0.012499531110127768,
    0.012386285699903965,
    0.011638370264942447,
    0.011629276443272829,
    0.01115496518711249,
    0.010815755541746816,
    0.010749470830584565,
    0.010830833887060484,
    0.010784949408844113,
    0.011148223498215279,
    0.010494656472777327
  ],
  "train_algebraic": [
    1.1433441440264385,
    1.031541516383489,
    0.9886694103479385,
    0.9697372068961462,
    0.9567896872758865,
    0.9501707802216212,
    0.9444907456636429,
    0.9401777982711792,
    0.9369806249936422,
    0.9339061925808588,
    0.9277926087379456,
    0.9283835391203562,
    0.9281136443217596,
    0.9276139388481776,
    0.9244273702303568,
    0.9251598219076792,
    0.9248250424861908,
    0.9226042876640955,
    0.9191789130369822,
    0.9230984250704447,
    0.9220114201307297
  ],
  "val_total": [
    5.165600140889485,
    5.7782518068949384,
    5.352882385253906,
    5.424668629964192,
    5.550549745559692,
    5.637336174647014,
    5.376722097396851,
    5.470526933670044,
    5.346576849619548,
    5.309268474578857,
    5.413125038146973,
    5.511251131693522,
    5.773298263549805,
    5.7594343821207685,
    5.636141777038574,
    5.592378298441569,
    5.58235502243042,
    5.582174460093181,
    5.583515961964925,
    5.583123207092285,
    5.501611391703288
  ],
  "val_temporal": [
    1.313519557317098,
    1.9571621020634968,
    1.5242614547411601,
    1.590275431672732,
    1.707676832874616,
    1.7802349925041199,
    1.5209219058354695,
    1.602345198392868,
    1.4755890170733135,
    1.4312288165092468,
    1.533773233493169,
    1.6280226707458496,
    1.8887397795915604,
    1.8761466542879741,
    1.752858469883601,
    1.706968754529953,
    1.6953326563040416,
    1.6940861294666927,
    1.6952856928110123,
    1.694807767868042,
    1.6037696301937103
  ],
  "val_algebraic": [
    1.9259618520736694,
    1.910465955734253,
    1.914231777191162,
    1.917117953300476,
    1.9213577508926392,
    1.9284720420837402,
    1.9278215964635212,
    1.9340124130249023,
    1.9354154666264851,
    1.9389413992563884,
    1.939597447713216,
    1.9415357907613118,
    1.9422009388605754,
    1.9415656328201294,
    1.941563566525777,
    1.9426264762878418,
    1.9434329271316528,
    1.943965991338094,
    1.9440369208653767,
    1.9440794785817463,
    1.9488426844278972
  ],
  "lr": [
    0.0009938441702975688,
    0.0009755282581475768,
    0.0009455032620941839,
    0.0009045084971874737,
    0.0008535533905932737,
    0.0007938926261462366,
    0.0007269952498697733,
    0.0006545084971874737,
    0.0005782172325201155,
    0.0005,
    0.0004217827674798847,
    0.00034549150281252633,
    0.00027300475013022663,
    0.00020610737385376348,
    0.00014644660940672628,
    9.549150281252633e-05,
    5.449673790581611e-05,
    2.4471741852423235e-05,
    6.15582970243117e-06,
    0.001,
    0.000998458666866564
  ]
}