{
  "train_loss": [
    0.007039613536714266,
    0.004513135296292603,
    0.004071425598037119,
    0.0038073318040308854,
    0.0035378054793303213,
    0.003480512328678742,
    0.003392015399488931,
    0.0033380900179812065,
    0.0033433087810408324,
    0.0033388586792473993,
    0.00325025866429011,
    0.003272700666760405,
    0.003207967752435555,
    0.0032302694065341107,
    0.0031798471269818642,
    0.0032364813572106263,
    0.003219592103657002,
    0.0031971854041330516,
    0.003230608689288298,
    0.0032383467769250274,
    0.0032517552414598563,
    0.003219186832817892,
    0.0032323088962584734,
    0.0032602341671008617,
    0.0032725136552471668
  ],
  "val_loss": [
    0.005321933794766665,
    0.005406438373029232,
    0.005107282847166062,
    0.004523579683154822,
    0.00439516194164753,
    0.004530940484255552,
    0.004398516099900007,
    0.004494511056691408,
    0.0044635566882789135,
    0.004521468188613653,
    0.004553720727562905,
    0.004526256024837494,
    0.00474047502502799,
    0.004609713796526194,
    0.004602742847055197,
    0.004623296391218901,
    0.00464673014357686,
    0.004660010524094105,
    0.004655070509761572,
    0.004652558267116547,
    0.004412528313696385,
    0.004575825855135917,
    0.004711943864822388,
    0.004689095355570316,
    0.004665942676365375
  ],
  "lr": [
    0.0009938441702975688,
    0.0009755282581475768,
    0.0009455032620941839,
    0.0009045084971874737,
    0.0008535533905932737,
    0.0007938926261462366,
    0.0007269952498697733,
    0.0006545084971874737,
    0.0005782172325201155,
    0.0005,
    0.0004217827674798847,
    0.00034549150281252633,
    0.00027300475013022663,
    0.00020610737385376348,
    0.00014644660940672628,
    9.549150281252633e-05,
    5.449673790581611e-05,
    2.4471741852423235e-05,
    6.15582970243117e-06,
    0.001,
    0.000998458666866564,
    0.0009938441702975688,
    0.0009861849601988384,
    0.0009755282581475768,
    0.0009619397662556434
  ]
}